case_id,family,label,formula,natoms,initial_energy_eV,final_energy_eV,deltaE_family_eV,energy_per_atom_eV,max_force_eVA,n_steps,converged,stage,site,co_idx,orientation,vacancy_site
39,direct_co_o_bridge__H2O,H2O_bridge_h2p10_co_bound_tilt30_az330,H2Ba16Co16O49,83,-540.6696166992188,-542.41357421875,0.0,-6.535103303840361,1.138185977935791,16,False,stage1,direct_co_o_bridge,,co_bound_tilt30_az330,
35,direct_co_o_bridge__H2O,H2O_bridge_h2p10_co_bound_tilt30_az210,H2Ba16Co16O49,83,-540.6696166992188,-542.4135131835938,6.103515625e-05,-6.535102568477033,1.138899326324463,16,False,stage1,direct_co_o_bridge,,co_bound_tilt30_az210,
22,direct_co_o_bridge__H2O,H2O_bridge_h1p90_co_bound_tilt30_az210,H2Ba16Co16O49,83,-540.3274536132812,-542.3538208007812,0.05975341796875,-6.534383383141943,1.0420304536819458,16,False,stage1,direct_co_o_bridge,,co_bound_tilt30_az210,
26,direct_co_o_bridge__H2O,H2O_bridge_h1p90_co_bound_tilt30_az330,H2Ba16Co16O49,83,-540.3274536132812,-542.3538208007812,0.05975341796875,-6.534383383141943,1.0420489311218262,16,False,stage1,direct_co_o_bridge,,co_bound_tilt30_az330,
27,direct_co_o_bridge__H2O,H2O_bridge_h2p10_co_bound_tilt0_az0,H2Ba16Co16O49,83,-540.800048828125,-542.2991333007812,0.11444091796875,-6.533724497599774,0.6941058039665222,16,False,stage1,direct_co_o_bridge,,co_bound_tilt0_az0,
28,direct_co_o_bridge__H2O,H2O_bridge_h2p10_co_bound_tilt30_az0,H2Ba16Co16O49,83,-540.8052368164062,-542.2535400390625,0.1600341796875,-6.533175181193524,0.6011666655540466,16,False,stage1,direct_co_o_bridge,,co_bound_tilt30_az0,
34,direct_co_o_bridge__H2O,H2O_bridge_h2p10_co_bound_tilt30_az180,H2Ba16Co16O49,83,-540.8052368164062,-542.2535400390625,0.1600341796875,-6.533175181193524,0.6011511087417603,16,False,stage1,direct_co_o_bridge,,co_bound_tilt30_az180,
14,direct_co_o_bridge__H2O,H2O_bridge_h1p90_co_bound_tilt0_az0,H2Ba16Co16O49,83,-540.5892333984375,-542.1951293945312,0.21844482421875,-6.5324714384883285,0.6179347634315491,16,False,stage1,direct_co_o_bridge,,co_bound_tilt0_az0,
29,direct_co_o_bridge__H2O,H2O_bridge_h2p10_co_bound_tilt30_az30,H2Ba16Co16O49,83,-540.8775634765625,-542.1350708007812,0.27850341796875,-6.531747840973268,0.5504398941993713,16,False,stage1,direct_co_o_bridge,,co_bound_tilt30_az30,
33,direct_co_o_bridge__H2O,H2O_bridge_h2p10_co_bound_tilt30_az150,H2Ba16Co16O49,83,-540.8775634765625,-542.1350708007812,0.27850341796875,-6.531747840973268,0.5504087805747986,16,False,stage1,direct_co_o_bridge,,co_bound_tilt30_az150,
36,direct_co_o_bridge__H2O,H2O_bridge_h2p10_co_bound_tilt30_az240,H2Ba16Co16O49,83,-540.5155639648438,-542.0478515625,0.36572265625,-6.530697006777109,0.6547762751579285,16,False,stage1,direct_co_o_bridge,,co_bound_tilt30_az240,
38,direct_co_o_bridge__H2O,H2O_bridge_h2p10_co_bound_tilt30_az300,H2Ba16Co16O49,83,-540.5155639648438,-542.0478515625,0.36572265625,-6.530697006777109,0.6547790169715881,16,False,stage1,direct_co_o_bridge,,co_bound_tilt30_az300,
30,direct_co_o_bridge__H2O,H2O_bridge_h2p10_co_bound_tilt30_az60,H2Ba16Co16O49,83,-540.9004516601562,-541.97314453125,0.4404296875,-6.529796922063253,0.7882604598999023,16,False,stage1,direct_co_o_bridge,,co_bound_tilt30_az60,
32,direct_co_o_bridge__H2O,H2O_bridge_h2p10_co_bound_tilt30_az120,H2Ba16Co16O49,83,-540.9004516601562,-541.97314453125,0.4404296875,-6.529796922063253,0.7881736159324646,16,False,stage1,direct_co_o_bridge,,co_bound_tilt30_az120,
31,direct_co_o_bridge__H2O,H2O_bridge_h2p10_co_bound_tilt30_az90,H2Ba16Co16O49,83,-540.901611328125,-541.8917846679688,0.52178955078125,-6.528816682746611,0.9030013680458069,16,False,stage1,direct_co_o_bridge,,co_bound_tilt30_az90,
3,direct_co_o_bridge__H2O,H2O_bridge_h1p70_co_bound_tilt30_az30,H2Ba16Co16O49,83,-540.0676879882812,-541.8390502929688,0.57452392578125,-6.528181328830949,0.7297181487083435,16,False,stage1,direct_co_o_bridge,,co_bound_tilt30_az30,
7,direct_co_o_bridge__H2O,H2O_bridge_h1p70_co_bound_tilt30_az150,H2Ba16Co16O49,83,-540.0676879882812,-541.8390502929688,0.57452392578125,-6.528181328830949,0.7296421527862549,16,False,stage1,direct_co_o_bridge,,co_bound_tilt30_az150,
2,direct_co_o_bridge__H2O,H2O_bridge_h1p70_co_bound_tilt30_az0,H2Ba16Co16O49,83,-539.9242553710938,-541.7860107421875,0.6275634765625,-6.527542298098645,1.1613459587097168,16,False,stage1,direct_co_o_bridge,,co_bound_tilt30_az0,
8,direct_co_o_bridge__H2O,H2O_bridge_h1p70_co_bound_tilt30_az180,H2Ba16Co16O49,83,-539.9242553710938,-541.7860107421875,0.6275634765625,-6.527542298098645,1.1613575220108032,16,False,stage1,direct_co_o_bridge,,co_bound_tilt30_az180,
16,direct_co_o_bridge__H2O,H2O_bridge_h1p90_co_bound_tilt30_az30,H2Ba16Co16O49,83,-540.650634765625,-541.7593383789062,0.65423583984375,-6.5272209443241715,0.6968360543251038,16,False,stage1,direct_co_o_bridge,,co_bound_tilt30_az30,
20,direct_co_o_bridge__H2O,H2O_bridge_h1p90_co_bound_tilt30_az150,H2Ba16Co16O49,83,-540.650634765625,-541.7593383789062,0.65423583984375,-6.5272209443241715,0.6968367695808411,16,False,stage1,direct_co_o_bridge,,co_bound_tilt30_az150,
17,direct_co_o_bridge__H2O,H2O_bridge_h1p90_co_bound_tilt30_az60,H2Ba16Co16O49,83,-540.6729736328125,-541.7564697265625,0.6571044921875,-6.527186382247741,0.706081211566925,16,False,stage1,direct_co_o_bridge,,co_bound_tilt30_az60,
19,direct_co_o_bridge__H2O,H2O_bridge_h1p90_co_bound_tilt30_az120,H2Ba16Co16O49,83,-540.6729736328125,-541.7564697265625,0.6571044921875,-6.527186382247741,0.7060819268226624,16,False,stage1,direct_co_o_bridge,,co_bound_tilt30_az120,
18,direct_co_o_bridge__H2O,H2O_bridge_h1p90_co_bound_tilt30_az90,H2Ba16Co16O49,83,-540.6590576171875,-541.754638671875,0.658935546875,-6.527164321347891,0.700074315071106,16,False,stage1,direct_co_o_bridge,,co_bound_tilt30_az90,
1,direct_co_o_bridge__H2O,H2O_bridge_h1p70_co_bound_tilt0_az0,H2Ba16Co16O49,83,-540.0174560546875,-541.737060546875,0.676513671875,-6.526952536709337,0.8532879948616028,16,False,stage1,direct_co_o_bridge,,co_bound_tilt0_az0,
15,direct_co_o_bridge__H2O,H2O_bridge_h1p90_co_bound_tilt30_az0,H2Ba16Co16O49,83,-540.53662109375,-541.722900390625,0.690673828125,-6.526781932417169,0.7010254263877869,16,False,stage1,direct_co_o_bridge,,co_bound_tilt30_az0,
21,direct_co_o_bridge__H2O,H2O_bridge_h1p90_co_bound_tilt30_az180,H2Ba16Co16O49,83,-540.53662109375,-541.722900390625,0.690673828125,-6.526781932417169,0.7010277509689331,16,False,stage1,direct_co_o_bridge,,co_bound_tilt30_az180,
9,direct_co_o_bridge__H2O,H2O_bridge_h1p70_co_bound_tilt30_az210,H2Ba16Co16O49,83,-539.6520385742188,-541.68017578125,0.7333984375,-6.526267178087349,1.3410600423812866,16,False,stage1,direct_co_o_bridge,,co_bound_tilt30_az210,
13,direct_co_o_bridge__H2O,H2O_bridge_h1p70_co_bound_tilt30_az330,H2Ba16Co16O49,83,-539.6520385742188,-541.68017578125,0.7333984375,-6.526267178087349,1.3411575555801392,16,False,stage1,direct_co_o_bridge,,co_bound_tilt30_az330,
5,direct_co_o_bridge__H2O,H2O_bridge_h1p70_co_bound_tilt30_az90,H2Ba16Co16O49,83,-540.03125,-541.5874633789062,0.82611083984375,-6.525150161191641,0.9312870502471924,16,False,stage1,direct_co_o_bridge,,co_bound_tilt30_az90,
4,direct_co_o_bridge__H2O,H2O_bridge_h1p70_co_bound_tilt30_az60,H2Ba16Co16O49,83,-540.0816040039062,-541.57568359375,0.837890625,-6.525008236069277,0.9210567474365234,16,False,stage1,direct_co_o_bridge,,co_bound_tilt30_az60,
6,direct_co_o_bridge__H2O,H2O_bridge_h1p70_co_bound_tilt30_az120,H2Ba16Co16O49,83,-540.0816040039062,-541.57568359375,0.837890625,-6.525008236069277,0.9210562705993652,16,False,stage1,direct_co_o_bridge,,co_bound_tilt30_az120,
23,direct_co_o_bridge__H2O,H2O_bridge_h1p90_co_bound_tilt30_az240,H2Ba16Co16O49,83,-540.099609375,-541.3732299804688,1.04034423828125,-6.522569035909262,0.8563019633293152,16,False,stage1,direct_co_o_bridge,,co_bound_tilt30_az240,
25,direct_co_o_bridge__H2O,H2O_bridge_h1p90_co_bound_tilt30_az300,H2Ba16Co16O49,83,-540.099609375,-541.3732299804688,1.04034423828125,-6.522569035909262,0.8563016057014465,16,False,stage1,direct_co_o_bridge,,co_bound_tilt30_az300,
10,direct_co_o_bridge__H2O,H2O_bridge_h1p70_co_bound_tilt30_az240,H2Ba16Co16O49,83,-539.2767944335938,-541.300537109375,1.113037109375,-6.521693218185241,1.2468829154968262,16,False,stage1,direct_co_o_bridge,,co_bound_tilt30_az240,
12,direct_co_o_bridge__H2O,H2O_bridge_h1p70_co_bound_tilt30_az300,H2Ba16Co16O49,83,-539.2767944335938,-541.300537109375,1.113037109375,-6.521693218185241,1.2468185424804688,16,False,stage1,direct_co_o_bridge,,co_bound_tilt30_az300,
37,direct_co_o_bridge__H2O,H2O_bridge_h2p10_co_bound_tilt30_az270,H2Ba16Co16O49,83,-540.4586181640625,-541.215576171875,1.197998046875,-6.520669592432229,0.41399991512298584,16,False,stage1,direct_co_o_bridge,,co_bound_tilt30_az270,
24,direct_co_o_bridge__H2O,H2O_bridge_h1p90_co_bound_tilt30_az270,H2Ba16Co16O49,83,-540.0092163085938,-541.1626586914062,1.25091552734375,-6.520032032426581,0.6980301737785339,16,False,stage1,direct_co_o_bridge,,co_bound_tilt30_az270,
11,direct_co_o_bridge__H2O,H2O_bridge_h1p70_co_bound_tilt30_az270,H2Ba16Co16O49,83,-539.138671875,-540.938720703125,1.474853515625,-6.517333984375,1.0293322801589966,16,False,stage1,direct_co_o_bridge,,co_bound_tilt30_az270,
138,vacancy_center__H2O,H2O_offset_y+_h1p90_co_bound_tilt30_az180,H2Ba16Co16O48,82,-535.4108276367188,-537.364990234375,0.0,-6.553231588224086,0.23571492731571198,14,True,stage1,vacancy_center,,co_bound_tilt30_az180,
106,vacancy_center__H2O,H2O_center_h2p00_co_bound_tilt30_az0,H2Ba16Co16O48,82,-535.3272705078125,-537.3511352539062,0.01385498046875,-6.553062625047637,0.20187385380268097,14,True,stage1,vacancy_center,,co_bound_tilt30_az0,
112,vacancy_center__H2O,H2O_center_h2p00_co_bound_tilt30_az180,H2Ba16Co16O48,82,-535.3272705078125,-537.3511352539062,0.01385498046875,-6.553062625047637,0.20187124609947205,14,True,stage1,vacancy_center,,co_bound_tilt30_az180,
126,vacancy_center__H2O,H2O_offset_x+_h1p90_co_bound_tilt30_az210,H2Ba16Co16O48,82,-535.4588623046875,-537.2872314453125,0.0777587890625,-6.552283310308689,0.8282148838043213,16,False,stage1,vacancy_center,,co_bound_tilt30_az210,
130,vacancy_center__H2O,H2O_offset_x+_h1p90_co_bound_tilt30_az330,H2Ba16Co16O48,82,-535.4588623046875,-537.2872314453125,0.0777587890625,-6.552283310308689,0.8282153010368347,16,False,stage1,vacancy_center,,co_bound_tilt30_az330,
105,vacancy_center__H2O,H2O_center_h2p00_co_bound_tilt0_az0,H2Ba16Co16O48,82,-535.3017578125,-537.2871704101562,0.07781982421875,-6.5522825659775155,0.203054741024971,14,True,stage1,vacancy_center,,co_bound_tilt0_az0,
132,vacancy_center__H2O,H2O_offset_y+_h1p90_co_bound_tilt30_az0,H2Ba16Co16O48,82,-535.2708129882812,-537.2699584960938,0.09503173828125,-6.552072664586509,0.22448565065860748,14,True,stage1,vacancy_center,,co_bound_tilt30_az0,
119,vacancy_center__H2O,H2O_offset_x+_h1p90_co_bound_tilt30_az0,H2Ba16Co16O48,82,-535.4494018554688,-537.2670288085938,0.09796142578125,-6.552036936690167,0.8190739154815674,16,False,stage1,vacancy_center,,co_bound_tilt30_az0,
125,vacancy_center__H2O,H2O_offset_x+_h1p90_co_bound_tilt30_az180,H2Ba16Co16O48,82,-535.4494018554688,-537.2670288085938,0.09796142578125,-6.552036936690167,0.819075345993042,16,False,stage1,vacancy_center,,co_bound_tilt30_az180,
131,vacancy_center__H2O,H2O_offset_y+_h1p90_co_bound_tilt0_az0,H2Ba16Co16O48,82,-535.3251342773438,-537.25830078125,0.106689453125,-6.551930497332317,0.21610862016677856,14,True,stage1,vacancy_center,,co_bound_tilt0_az0,
118,vacancy_center__H2O,H2O_offset_x+_h1p90_co_bound_tilt0_az0,H2Ba16Co16O48,82,-535.4561767578125,-537.2513427734375,0.1136474609375,-6.551845643578506,0.8314392566680908,16,False,stage1,vacancy_center,,co_bound_tilt0_az0,
93,vacancy_center__H2O,H2O_center_h1p80_co_bound_tilt30_az0,H2Ba16Co16O48,82,-535.5159912109375,-537.2495727539062,0.11541748046875,-6.551824057974467,0.6583264470100403,16,False,stage1,vacancy_center,,co_bound_tilt30_az0,
99,vacancy_center__H2O,H2O_center_h1p80_co_bound_tilt30_az180,H2Ba16Co16O48,82,-535.5159912109375,-537.2495727539062,0.11541748046875,-6.551824057974467,0.6583271622657776,16,False,stage1,vacancy_center,,co_bound_tilt30_az180,
127,vacancy_center__H2O,H2O_offset_x+_h1p90_co_bound_tilt30_az240,H2Ba16Co16O48,82,-535.37939453125,-537.2489624023438,0.11602783203125,-6.551816614662728,0.8820692896842957,16,False,stage1,vacancy_center,,co_bound_tilt30_az240,
129,vacancy_center__H2O,H2O_offset_x+_h1p90_co_bound_tilt30_az300,H2Ba16Co16O48,82,-535.37939453125,-537.2489624023438,0.11602783203125,-6.551816614662728,0.8820746541023254,16,False,stage1,vacancy_center,,co_bound_tilt30_az300,
94,vacancy_center__H2O,H2O_center_h1p80_co_bound_tilt30_az30,H2Ba16Co16O48,82,-535.4518432617188,-537.24072265625,0.124267578125,-6.5517161299542686,0.7313120365142822,16,False,stage1,vacancy_center,,co_bound_tilt30_az30,
98,vacancy_center__H2O,H2O_center_h1p80_co_bound_tilt30_az150,H2Ba16Co16O48,82,-535.4518432617188,-537.24072265625,0.124267578125,-6.5517161299542686,0.7313115000724792,16,False,stage1,vacancy_center,,co_bound_tilt30_az150,
100,vacancy_center__H2O,H2O_center_h1p80_co_bound_tilt30_az210,H2Ba16Co16O48,82,-535.4518432617188,-537.24072265625,0.124267578125,-6.5517161299542686,0.7313085794448853,16,False,stage1,vacancy_center,,co_bound_tilt30_az210,
104,vacancy_center__H2O,H2O_center_h1p80_co_bound_tilt30_az330,H2Ba16Co16O48,82,-535.4518432617188,-537.24072265625,0.124267578125,-6.5517161299542686,0.7313089966773987,16,False,stage1,vacancy_center,,co_bound_tilt30_az330,
92,vacancy_center__H2O,H2O_center_h1p80_co_bound_tilt0_az0,H2Ba16Co16O48,82,-535.5099487304688,-537.21142578125,0.153564453125,-6.551358850990853,0.6323322653770447,16,False,stage1,vacancy_center,,co_bound_tilt0_az0,
128,vacancy_center__H2O,H2O_offset_x+_h1p90_co_bound_tilt30_az270,H2Ba16Co16O48,82,-535.3147583007812,-537.2080078125,0.156982421875,-6.551317168445122,0.9070206880569458,16,False,stage1,vacancy_center,,co_bound_tilt30_az270,
120,vacancy_center__H2O,H2O_offset_x+_h1p90_co_bound_tilt30_az30,H2Ba16Co16O48,82,-535.3419799804688,-537.20703125,0.157958984375,-6.551305259146342,0.8163490891456604,16,False,stage1,vacancy_center,,co_bound_tilt30_az30,
124,vacancy_center__H2O,H2O_offset_x+_h1p90_co_bound_tilt30_az150,H2Ba16Co16O48,82,-535.3419799804688,-537.20703125,0.157958984375,-6.551305259146342,0.8163480162620544,16,False,stage1,vacancy_center,,co_bound_tilt30_az150,
137,vacancy_center__H2O,H2O_offset_y+_h1p90_co_bound_tilt30_az150,H2Ba16Co16O48,82,-535.3755493164062,-537.191650390625,0.17333984375,-6.551117687690549,0.6898793578147888,16,False,stage1,vacancy_center,,co_bound_tilt30_az150,
139,vacancy_center__H2O,H2O_offset_y+_h1p90_co_bound_tilt30_az210,H2Ba16Co16O48,82,-535.3755493164062,-537.191650390625,0.17333984375,-6.551117687690549,0.6898807287216187,16,False,stage1,vacancy_center,,co_bound_tilt30_az210,
136,vacancy_center__H2O,H2O_offset_y+_h1p90_co_bound_tilt30_az120,H2Ba16Co16O48,82,-535.2543334960938,-537.1677856445312,0.19720458984375,-6.5508266542016,0.7463437914848328,16,False,stage1,vacancy_center,,co_bound_tilt30_az120,
140,vacancy_center__H2O,H2O_offset_y+_h1p90_co_bound_tilt30_az240,H2Ba16Co16O48,82,-535.2543334960938,-537.1677856445312,0.19720458984375,-6.5508266542016,0.7463398575782776,16,False,stage1,vacancy_center,,co_bound_tilt30_az240,
95,vacancy_center__H2O,H2O_center_h1p80_co_bound_tilt30_az60,H2Ba16Co16O48,82,-535.257080078125,-537.1644897460938,0.20050048828125,-6.550786460318217,0.8597144484519958,16,False,stage1,vacancy_center,,co_bound_tilt30_az60,
97,vacancy_center__H2O,H2O_center_h1p80_co_bound_tilt30_az120,H2Ba16Co16O48,82,-535.257080078125,-537.1644897460938,0.20050048828125,-6.550786460318217,0.8597149848937988,16,False,stage1,vacancy_center,,co_bound_tilt30_az120,
101,vacancy_center__H2O,H2O_center_h1p80_co_bound_tilt30_az240,H2Ba16Co16O48,82,-535.257080078125,-537.1644897460938,0.20050048828125,-6.550786460318217,0.8597129583358765,16,False,stage1,vacancy_center,,co_bound_tilt30_az240,
103,vacancy_center__H2O,H2O_center_h1p80_co_bound_tilt30_az300,H2Ba16Co16O48,82,-535.257080078125,-537.1644897460938,0.20050048828125,-6.550786460318217,0.8597147464752197,16,False,stage1,vacancy_center,,co_bound_tilt30_az300,
107,vacancy_center__H2O,H2O_center_h2p00_co_bound_tilt30_az30,H2Ba16Co16O48,82,-535.2877197265625,-537.1630249023438,0.20196533203125,-6.5507685963700455,0.7141602635383606,16,False,stage1,vacancy_center,,co_bound_tilt30_az30,
111,vacancy_center__H2O,H2O_center_h2p00_co_bound_tilt30_az150,H2Ba16Co16O48,82,-535.2877197265625,-537.1630249023438,0.20196533203125,-6.5507685963700455,0.7141621708869934,16,False,stage1,vacancy_center,,co_bound_tilt30_az150,
113,vacancy_center__H2O,H2O_center_h2p00_co_bound_tilt30_az210,H2Ba16Co16O48,82,-535.2877197265625,-537.1630249023438,0.20196533203125,-6.5507685963700455,0.7141621708869934,16,False,stage1,vacancy_center,,co_bound_tilt30_az210,
117,vacancy_center__H2O,H2O_center_h2p00_co_bound_tilt30_az330,H2Ba16Co16O48,82,-535.2877197265625,-537.1630249023438,0.20196533203125,-6.5507685963700455,0.7141624689102173,16,False,stage1,vacancy_center,,co_bound_tilt30_az330,
108,vacancy_center__H2O,H2O_center_h2p00_co_bound_tilt30_az60,H2Ba16Co16O48,82,-535.1785888671875,-537.1412963867188,0.22369384765625,-6.55050361447218,0.6996241211891174,16,False,stage1,vacancy_center,,co_bound_tilt30_az60,
110,vacancy_center__H2O,H2O_center_h2p00_co_bound_tilt30_az120,H2Ba16Co16O48,82,-535.1785888671875,-537.1412963867188,0.22369384765625,-6.55050361447218,0.6996225118637085,16,False,stage1,vacancy_center,,co_bound_tilt30_az120,
114,vacancy_center__H2O,H2O_center_h2p00_co_bound_tilt30_az240,H2Ba16Co16O48,82,-535.1785888671875,-537.1412963867188,0.22369384765625,-6.55050361447218,0.6996263861656189,16,False,stage1,vacancy_center,,co_bound_tilt30_az240,
116,vacancy_center__H2O,H2O_center_h2p00_co_bound_tilt30_az300,H2Ba16Co16O48,82,-535.1785888671875,-537.1412963867188,0.22369384765625,-6.55050361447218,0.6996282935142517,16,False,stage1,vacancy_center,,co_bound_tilt30_az300,
96,vacancy_center__H2O,H2O_center_h1p80_co_bound_tilt30_az90,H2Ba16Co16O48,82,-535.1461791992188,-537.111572265625,0.25341796875,-6.550141125190549,0.8695682287216187,16,False,stage1,vacancy_center,,co_bound_tilt30_az90,
102,vacancy_center__H2O,H2O_center_h1p80_co_bound_tilt30_az270,H2Ba16Co16O48,82,-535.1461791992188,-537.111572265625,0.25341796875,-6.550141125190549,0.8695707321166992,16,False,stage1,vacancy_center,,co_bound_tilt30_az270,
109,vacancy_center__H2O,H2O_center_h2p00_co_bound_tilt30_az90,H2Ba16Co16O48,82,-535.1088256835938,-537.1067504882812,0.25823974609375,-6.55008232302782,0.7485343217849731,16,False,stage1,vacancy_center,,co_bound_tilt30_az90,
115,vacancy_center__H2O,H2O_center_h2p00_co_bound_tilt30_az270,H2Ba16Co16O48,82,-535.1088256835938,-537.106689453125,0.25830078125,-6.550081578696647,0.7485335469245911,16,False,stage1,vacancy_center,,co_bound_tilt30_az270,
133,vacancy_center__H2O,H2O_offset_y+_h1p90_co_bound_tilt30_az30,H2Ba16Co16O48,82,-535.2208862304688,-537.1053466796875,0.2596435546875,-6.550065203410823,0.7698085308074951,16,False,stage1,vacancy_center,,co_bound_tilt30_az30,
143,vacancy_center__H2O,H2O_offset_y+_h1p90_co_bound_tilt30_az330,H2Ba16Co16O48,82,-535.2208862304688,-537.1053466796875,0.2596435546875,-6.550065203410823,0.7698158621788025,16,False,stage1,vacancy_center,,co_bound_tilt30_az330,
121,vacancy_center__H2O,H2O_offset_x+_h1p90_co_bound_tilt30_az60,H2Ba16Co16O48,82,-535.1240234375,-537.0916748046875,0.2733154296875,-6.549898473227897,0.8087734580039978,16,False,stage1,vacancy_center,,co_bound_tilt30_az60,
123,vacancy_center__H2O,H2O_offset_x+_h1p90_co_bound_tilt30_az120,H2Ba16Co16O48,82,-535.1240234375,-537.0916748046875,0.2733154296875,-6.549898473227897,0.8087720274925232,16,False,stage1,vacancy_center,,co_bound_tilt30_az120,
135,vacancy_center__H2O,H2O_offset_y+_h1p90_co_bound_tilt30_az90,H2Ba16Co16O48,82,-535.1096801757812,-537.0889892578125,0.2760009765625,-6.54986572265625,0.8336251974105835,16,False,stage1,vacancy_center,,co_bound_tilt30_az90,
141,vacancy_center__H2O,H2O_offset_y+_h1p90_co_bound_tilt30_az270,H2Ba16Co16O48,82,-535.1096801757812,-537.0889892578125,0.2760009765625,-6.54986572265625,0.8336256742477417,16,False,stage1,vacancy_center,,co_bound_tilt30_az270,
142,vacancy_center__H2O,H2O_offset_y+_h1p90_co_bound_tilt30_az300,H2Ba16Co16O48,82,-535.1148071289062,-537.0798950195312,0.28509521484375,-6.5497548173113564,0.8469824194908142,16,False,stage1,vacancy_center,,co_bound_tilt30_az300,
134,vacancy_center__H2O,H2O_offset_y+_h1p90_co_bound_tilt30_az60,H2Ba16Co16O48,82,-535.1148071289062,-537.079833984375,0.28515625,-6.549754072980183,0.8469781279563904,16,False,stage1,vacancy_center,,co_bound_tilt30_az60,
122,vacancy_center__H2O,H2O_offset_x+_h1p90_co_bound_tilt30_az90,H2Ba16Co16O48,82,-535.0263671875,-537.0230712890625,0.3419189453125,-6.549061844988567,0.7829745411872864,16,False,stage1,vacancy_center,,co_bound_tilt30_az90,
170,vacancy_center__H2O2,H2O2_offset_diag_h1p90_default_tilt0_az0,H2Ba16Co16O49,83,-538.7244873046875,-542.9449462890625,0.0,-6.541505376976657,2.3420896530151367,16,False,stage1,vacancy_center,,default_tilt0_az0,
150,vacancy_center__H2O2,H2O2_center_h1p80_default_tilt30_az150,H2Ba16Co16O49,83,-538.6304931640625,-542.7465209960938,0.19842529296875,-6.53911471079631,2.797319173812866,16,False,stage1,vacancy_center,,default_tilt30_az150,
156,vacancy_center__H2O2,H2O2_center_h1p80_default_tilt30_az330,H2Ba16Co16O49,83,-538.6304931640625,-542.7465209960938,0.19842529296875,-6.53911471079631,2.7973461151123047,16,False,stage1,vacancy_center,,default_tilt30_az330,
144,vacancy_center__H2O2,H2O2_center_h1p80_default_tilt0_az0,H2Ba16Co16O49,83,-538.779296875,-542.7340698242188,0.21087646484375,-6.5389646966773345,0.8399004936218262,16,False,stage1,vacancy_center,,default_tilt0_az0,
145,vacancy_center__H2O2,H2O2_center_h1p80_default_tilt30_az0,H2Ba16Co16O49,83,-538.7748413085938,-542.705078125,0.2398681640625,-6.538615399096385,2.8595311641693115,16,False,stage1,vacancy_center,,default_tilt30_az0,
151,vacancy_center__H2O2,H2O2_center_h1p80_default_tilt30_az180,H2Ba16Co16O49,83,-538.7748413085938,-542.705078125,0.2398681640625,-6.538615399096385,2.8595962524414062,16,False,stage1,vacancy_center,,default_tilt30_az180,
171,vacancy_center__H2O2,H2O2_offset_diag_h1p90_default_tilt30_az0,H2Ba16Co16O49,83,-538.68359375,-541.7384643554688,1.20648193359375,-6.526969450065889,0.9786775708198547,16,False,stage1,vacancy_center,,default_tilt30_az0,
182,vacancy_center__H2O2,H2O2_offset_diag_h1p90_default_tilt30_az330,H2Ba16Co16O49,83,-538.9002685546875,-540.9058837890625,2.0390625,-6.516938358904367,1.0052834749221802,16,False,stage1,vacancy_center,,default_tilt30_az330,
180,vacancy_center__H2O2,H2O2_offset_diag_h1p90_default_tilt30_az270,H2Ba16Co16O49,83,-537.9898071289062,-540.876220703125,2.0687255859375,-6.516580972326807,0.8169246912002563,16,False,stage1,vacancy_center,,default_tilt30_az270,
149,vacancy_center__H2O2,H2O2_center_h1p80_default_tilt30_az120,H2Ba16Co16O49,83,-538.045166015625,-540.8703002929688,2.07464599609375,-6.516509642083961,1.0716676712036133,16,False,stage1,vacancy_center,,default_tilt30_az120,
155,vacancy_center__H2O2,H2O2_center_h1p80_default_tilt30_az300,H2Ba16Co16O49,83,-538.045166015625,-540.8703002929688,2.07464599609375,-6.516509642083961,1.0716603994369507,16,False,stage1,vacancy_center,,default_tilt30_az300,
172,vacancy_center__H2O2,H2O2_offset_diag_h1p90_default_tilt30_az30,H2Ba16Co16O49,83,-538.0034790039062,-540.865478515625,2.0794677734375,-6.516451548381024,0.7824162840843201,16,False,stage1,vacancy_center,,default_tilt30_az30,
181,vacancy_center__H2O2,H2O2_offset_diag_h1p90_default_tilt30_az300,H2Ba16Co16O49,83,-538.5582885742188,-540.822509765625,2.1224365234375,-6.515933852597891,0.7532880306243896,16,False,stage1,vacancy_center,,default_tilt30_az300,
146,vacancy_center__H2O2,H2O2_center_h1p80_default_tilt30_az30,H2Ba16Co16O49,83,-538.408203125,-540.6803588867188,2.26458740234375,-6.51422119140625,0.8473672866821289,16,False,stage1,vacancy_center,,default_tilt30_az30,
152,vacancy_center__H2O2,H2O2_center_h1p80_default_tilt30_az210,H2Ba16Co16O49,83,-538.408203125,-540.6803588867188,2.26458740234375,-6.51422119140625,0.847369372844696,16,False,stage1,vacancy_center,,default_tilt30_az210,
162,vacancy_center__H2O2,H2O2_center_h2p00_default_tilt30_az120,H2Ba16Co16O49,83,-537.79638671875,-540.6767578125,2.2681884765625,-6.514177804969879,1.2157084941864014,16,False,stage1,vacancy_center,,default_tilt30_az120,
168,vacancy_center__H2O2,H2O2_center_h2p00_default_tilt30_az300,H2Ba16Co16O49,83,-537.79638671875,-540.6767578125,2.2681884765625,-6.514177804969879,1.215693712234497,16,False,stage1,vacancy_center,,default_tilt30_az300,
147,vacancy_center__H2O2,H2O2_center_h1p80_default_tilt30_az60,H2Ba16Co16O49,83,-537.8088989257812,-540.676513671875,2.2684326171875,-6.514174863516566,1.1393266916275024,16,False,stage1,vacancy_center,,default_tilt30_az60,
153,vacancy_center__H2O2,H2O2_center_h1p80_default_tilt30_az240,H2Ba16Co16O49,83,-537.8088989257812,-540.676513671875,2.2684326171875,-6.514174863516566,1.1393306255340576,16,False,stage1,vacancy_center,,default_tilt30_az240,
157,vacancy_center__H2O2,H2O2_center_h2p00_default_tilt0_az0,H2Ba16Co16O49,83,-538.4632568359375,-540.67236328125,2.2725830078125,-6.514124858810241,0.9369730949401855,16,False,stage1,vacancy_center,,default_tilt0_az0,
173,vacancy_center__H2O2,H2O2_offset_diag_h1p90_default_tilt30_az60,H2Ba16Co16O49,83,-537.4293212890625,-540.63232421875,2.3126220703125,-6.513642460466867,1.135231375694275,16,False,stage1,vacancy_center,,default_tilt30_az60,
158,vacancy_center__H2O2,H2O2_center_h2p00_default_tilt30_az0,H2Ba16Co16O49,83,-538.4647216796875,-540.6156616210938,2.32928466796875,-6.513441706278238,0.8357534408569336,16,False,stage1,vacancy_center,,default_tilt30_az0,
164,vacancy_center__H2O2,H2O2_center_h2p00_default_tilt30_az180,H2Ba16Co16O49,83,-538.4647216796875,-540.6156616210938,2.32928466796875,-6.513441706278238,0.8357589244842529,16,False,stage1,vacancy_center,,default_tilt30_az180,
163,vacancy_center__H2O2,H2O2_center_h2p00_default_tilt30_az150,H2Ba16Co16O49,83,-538.2901000976562,-540.5816040039062,2.36334228515625,-6.513031373541039,0.9793751835823059,16,False,stage1,vacancy_center,,default_tilt30_az150,
169,vacancy_center__H2O2,H2O2_center_h2p00_default_tilt30_az330,H2Ba16Co16O49,83,-538.2901000976562,-540.5816040039062,2.36334228515625,-6.513031373541039,0.9793769717216492,16,False,stage1,vacancy_center,,default_tilt30_az330,
159,vacancy_center__H2O2,H2O2_center_h2p00_default_tilt30_az30,H2Ba16Co16O49,83,-538.1270751953125,-540.581298828125,2.3636474609375,-6.513027696724397,0.7581360936164856,16,False,stage1,vacancy_center,,default_tilt30_az30,
165,vacancy_center__H2O2,H2O2_center_h2p00_default_tilt30_az210,H2Ba16Co16O49,83,-538.1270751953125,-540.581298828125,2.3636474609375,-6.513027696724397,0.7581290006637573,16,False,stage1,vacancy_center,,default_tilt30_az210,
160,vacancy_center__H2O2,H2O2_center_h2p00_default_tilt30_az60,H2Ba16Co16O49,83,-537.6239624023438,-540.53955078125,2.4053955078125,-6.512524708207831,1.2588211297988892,16,False,stage1,vacancy_center,,default_tilt30_az60,
166,vacancy_center__H2O2,H2O2_center_h2p00_default_tilt30_az240,H2Ba16Co16O49,83,-537.6239624023438,-540.53955078125,2.4053955078125,-6.512524708207831,1.2588109970092773,16,False,stage1,vacancy_center,,default_tilt30_az240,
177,vacancy_center__H2O2,H2O2_offset_diag_h1p90_default_tilt30_az180,H2Ba16Co16O49,83,-538.1615600585938,-540.48486328125,2.4600830078125,-6.511865822665663,0.84327232837677,16,False,stage1,vacancy_center,,default_tilt30_az180,
176,vacancy_center__H2O2,H2O2_offset_diag_h1p90_default_tilt30_az150,H2Ba16Co16O49,83,-537.829345703125,-540.4761352539062,2.46881103515625,-6.511760665709714,0.8732080459594727,16,False,stage1,vacancy_center,,default_tilt30_az150,
178,vacancy_center__H2O2,H2O2_offset_diag_h1p90_default_tilt30_az210,H2Ba16Co16O49,83,-538.1517944335938,-540.3771362304688,2.56781005859375,-6.51056790639119,0.9132605791091919,16,False,stage1,vacancy_center,,default_tilt30_az210,
179,vacancy_center__H2O2,H2O2_offset_diag_h1p90_default_tilt30_az240,H2Ba16Co16O49,83,-537.95361328125,-540.1014404296875,2.843505859375,-6.507246270237199,0.7640358209609985,16,False,stage1,vacancy_center,,default_tilt30_az240,
148,vacancy_center__H2O2,H2O2_center_h1p80_default_tilt30_az90,H2Ba16Co16O49,83,-537.6201782226562,-539.8919067382812,3.05303955078125,-6.504721767931099,1.0749213695526123,16,False,stage1,vacancy_center,,default_tilt30_az90,
154,vacancy_center__H2O2,H2O2_center_h1p80_default_tilt30_az270,H2Ba16Co16O49,83,-537.6201782226562,-539.8919067382812,3.05303955078125,-6.504721767931099,1.0749258995056152,16,False,stage1,vacancy_center,,default_tilt30_az270,
175,vacancy_center__H2O2,H2O2_offset_diag_h1p90_default_tilt30_az120,H2Ba16Co16O49,83,-537.4349365234375,-539.6220092773438,3.32293701171875,-6.501469991293298,0.8454068303108215,16,False,stage1,vacancy_center,,default_tilt30_az120,
161,vacancy_center__H2O2,H2O2_center_h2p00_default_tilt30_az90,H2Ba16Co16O49,83,-537.4684448242188,-539.54443359375,3.4005126953125,-6.500535344503012,0.5902183651924133,16,False,stage1,vacancy_center,,default_tilt30_az90,
167,vacancy_center__H2O2,H2O2_center_h2p00_default_tilt30_az270,H2Ba16Co16O49,83,-537.4684448242188,-539.54443359375,3.4005126953125,-6.500535344503012,0.5902177691459656,16,False,stage1,vacancy_center,,default_tilt30_az270,
174,vacancy_center__H2O2,H2O2_offset_diag_h1p90_default_tilt30_az90,H2Ba16Co16O49,83,-537.2391967773438,-539.33056640625,3.6143798828125,-6.497958631400603,0.5151721239089966,16,False,stage1,vacancy_center,,default_tilt30_az90,
86,vacancy_center__OH,OH_offset_y+_h1p60_co_bound_tilt30_az180,HBa16Co16O48,81,-530.0374755859375,-532.9957275390625,0.0,-6.58019416714892,0.7845281958580017,16,False,stage1,vacancy_center,,co_bound_tilt30_az180,
41,vacancy_center__OH,OH_center_h1p40_co_bound_tilt30_az0,HBa16Co16O48,81,-530.7682495117188,-532.9359130859375,0.059814453125,-6.579455717110339,0.7295750975608826,16,False,stage1,vacancy_center,,co_bound_tilt30_az0,
47,vacancy_center__OH,OH_center_h1p40_co_bound_tilt30_az180,HBa16Co16O48,81,-530.7682495117188,-532.9359130859375,0.059814453125,-6.579455717110339,0.7298269271850586,16,False,stage1,vacancy_center,,co_bound_tilt30_az180,
85,vacancy_center__OH,OH_offset_y+_h1p60_co_bound_tilt30_az150,HBa16Co16O48,81,-530.019287109375,-532.8905639648438,0.10516357421875,-6.578895851417824,0.6414591670036316,16,False,stage1,vacancy_center,,co_bound_tilt30_az150,
87,vacancy_center__OH,OH_offset_y+_h1p60_co_bound_tilt30_az210,HBa16Co16O48,81,-530.019287109375,-532.8905639648438,0.10516357421875,-6.578895851417824,0.6412189602851868,16,False,stage1,vacancy_center,,co_bound_tilt30_az210,
40,vacancy_center__OH,OH_center_h1p40_co_bound_tilt0_az0,HBa16Co16O48,81,-530.6683959960938,-532.8020629882812,0.19366455078125,-6.577803246768904,0.38719090819358826,16,False,stage1,vacancy_center,,co_bound_tilt0_az0,
84,vacancy_center__OH,OH_offset_y+_h1p60_co_bound_tilt30_az120,HBa16Co16O48,81,-529.9766235351562,-532.658447265625,0.3372802734375,-6.576030213155864,0.5255252718925476,16,False,stage1,vacancy_center,,co_bound_tilt30_az120,
88,vacancy_center__OH,OH_offset_y+_h1p60_co_bound_tilt30_az240,HBa16Co16O48,81,-529.9766235351562,-532.658447265625,0.3372802734375,-6.576030213155864,0.5255242586135864,16,False,stage1,vacancy_center,,co_bound_tilt30_az240,
55,vacancy_center__OH,OH_center_h1p70_co_bound_tilt30_az30,HBa16Co16O48,81,-530.0301513671875,-532.5614013671875,0.434326171875,-6.57483211564429,0.7136843800544739,16,False,stage1,vacancy_center,,co_bound_tilt30_az30,
59,vacancy_center__OH,OH_center_h1p70_co_bound_tilt30_az150,HBa16Co16O48,81,-530.0301513671875,-532.5614013671875,0.434326171875,-6.57483211564429,0.7137001156806946,16,False,stage1,vacancy_center,,co_bound_tilt30_az150,
61,vacancy_center__OH,OH_center_h1p70_co_bound_tilt30_az210,HBa16Co16O48,81,-530.0301513671875,-532.5614013671875,0.434326171875,-6.57483211564429,0.7137107849121094,16,False,stage1,vacancy_center,,co_bound_tilt30_az210,
65,vacancy_center__OH,OH_center_h1p70_co_bound_tilt30_az330,HBa16Co16O48,81,-530.0301513671875,-532.5614013671875,0.434326171875,-6.57483211564429,0.7137059569358826,16,False,stage1,vacancy_center,,co_bound_tilt30_az330,
44,vacancy_center__OH,OH_center_h1p40_co_bound_tilt30_az90,HBa16Co16O48,81,-530.594970703125,-532.538818359375,0.4569091796875,-6.574553313078703,0.3639722764492035,16,False,stage1,vacancy_center,,co_bound_tilt30_az90,
50,vacancy_center__OH,OH_center_h1p40_co_bound_tilt30_az270,HBa16Co16O48,81,-530.594970703125,-532.538818359375,0.4569091796875,-6.574553313078703,0.3640105724334717,16,False,stage1,vacancy_center,,co_bound_tilt30_az270,
43,vacancy_center__OH,OH_center_h1p40_co_bound_tilt30_az60,HBa16Co16O48,81,-530.64306640625,-532.5386962890625,0.45703125,-6.5745518060378085,0.3984372615814209,16,False,stage1,vacancy_center,,co_bound_tilt30_az60,
45,vacancy_center__OH,OH_center_h1p40_co_bound_tilt30_az120,HBa16Co16O48,81,-530.64306640625,-532.5386962890625,0.45703125,-6.5745518060378085,0.3984399735927582,16,False,stage1,vacancy_center,,co_bound_tilt30_az120,
49,vacancy_center__OH,OH_center_h1p40_co_bound_tilt30_az240,HBa16Co16O48,81,-530.64306640625,-532.5386962890625,0.45703125,-6.5745518060378085,0.39843857288360596,16,False,stage1,vacancy_center,,co_bound_tilt30_az240,
51,vacancy_center__OH,OH_center_h1p40_co_bound_tilt30_az300,HBa16Co16O48,81,-530.64306640625,-532.5386962890625,0.45703125,-6.5745518060378085,0.39843666553497314,16,False,stage1,vacancy_center,,co_bound_tilt30_az300,
83,vacancy_center__OH,OH_offset_y+_h1p60_co_bound_tilt30_az90,HBa16Co16O48,81,-529.9692993164062,-532.5242919921875,0.471435546875,-6.5743739752121915,0.5790832042694092,16,False,stage1,vacancy_center,,co_bound_tilt30_az90,
89,vacancy_center__OH,OH_offset_y+_h1p60_co_bound_tilt30_az270,HBa16Co16O48,81,-529.9692993164062,-532.5242919921875,0.471435546875,-6.5743739752121915,0.5790863037109375,16,False,stage1,vacancy_center,,co_bound_tilt30_az270,
42,vacancy_center__OH,OH_center_h1p40_co_bound_tilt30_az30,HBa16Co16O48,81,-530.731201171875,-532.5140991210938,0.48162841796875,-6.574248137297453,0.44954943656921387,16,False,stage1,vacancy_center,,co_bound_tilt30_az30,
46,vacancy_center__OH,OH_center_h1p40_co_bound_tilt30_az150,HBa16Co16O48,81,-530.731201171875,-532.5140991210938,0.48162841796875,-6.574248137297453,0.4495479166507721,16,False,stage1,vacancy_center,,co_bound_tilt30_az150,
48,vacancy_center__OH,OH_center_h1p40_co_bound_tilt30_az210,HBa16Co16O48,81,-530.731201171875,-532.5140991210938,0.48162841796875,-6.574248137297453,0.44962218403816223,16,False,stage1,vacancy_center,,co_bound_tilt30_az210,
52,vacancy_center__OH,OH_center_h1p40_co_bound_tilt30_az330,HBa16Co16O48,81,-530.731201171875,-532.5140991210938,0.48162841796875,-6.574248137297453,0.44962194561958313,16,False,stage1,vacancy_center,,co_bound_tilt30_az330,
67,vacancy_center__OH,OH_offset_x+_h1p60_co_bound_tilt30_az0,HBa16Co16O48,81,-530.4080810546875,-532.4668579101562,0.52886962890625,-6.573664912471065,1.1034613847732544,16,False,stage1,vacancy_center,,co_bound_tilt30_az0,
73,vacancy_center__OH,OH_offset_x+_h1p60_co_bound_tilt30_az180,HBa16Co16O48,81,-530.4080810546875,-532.4668579101562,0.52886962890625,-6.573664912471065,1.103468656539917,16,False,stage1,vacancy_center,,co_bound_tilt30_az180,
70,vacancy_center__OH,OH_offset_x+_h1p60_co_bound_tilt30_az90,HBa16Co16O48,81,-530.505859375,-532.4007568359375,0.594970703125,-6.572848849826389,0.9809353947639465,16,False,stage1,vacancy_center,,co_bound_tilt30_az90,
69,vacancy_center__OH,OH_offset_x+_h1p60_co_bound_tilt30_az60,HBa16Co16O48,81,-530.5043334960938,-532.3939819335938,0.60174560546875,-6.572765209056713,0.9986380338668823,16,False,stage1,vacancy_center,,co_bound_tilt30_az60,
71,vacancy_center__OH,OH_offset_x+_h1p60_co_bound_tilt30_az120,HBa16Co16O48,81,-530.5043334960938,-532.3939819335938,0.60174560546875,-6.572765209056713,0.9986380338668823,16,False,stage1,vacancy_center,,co_bound_tilt30_az120,
68,vacancy_center__OH,OH_offset_x+_h1p60_co_bound_tilt30_az30,HBa16Co16O48,81,-530.4816284179688,-532.3684692382812,0.62725830078125,-6.572450237509645,1.019694209098816,16,False,stage1,vacancy_center,,co_bound_tilt30_az30,
72,vacancy_center__OH,OH_offset_x+_h1p60_co_bound_tilt30_az150,HBa16Co16O48,81,-530.4816284179688,-532.3684692382812,0.62725830078125,-6.572450237509645,1.0196892023086548,16,False,stage1,vacancy_center,,co_bound_tilt30_az150,
74,vacancy_center__OH,OH_offset_x+_h1p60_co_bound_tilt30_az210,HBa16Co16O48,81,-530.2943115234375,-532.3621215820312,0.63360595703125,-6.572371871383102,1.035372018814087,16,False,stage1,vacancy_center,,co_bound_tilt30_az210,
78,vacancy_center__OH,OH_offset_x+_h1p60_co_bound_tilt30_az330,HBa16Co16O48,81,-530.2943115234375,-532.3621215820312,0.63360595703125,-6.572371871383102,1.0353237390518188,16,False,stage1,vacancy_center,,co_bound_tilt30_az330,
66,vacancy_center__OH,OH_offset_x+_h1p60_co_bound_tilt0_az0,HBa16Co16O48,81,-530.3153076171875,-532.3603515625,0.6353759765625,-6.572350019290123,1.1242634057998657,16,False,stage1,vacancy_center,,co_bound_tilt0_az0,
82,vacancy_center__OH,OH_offset_y+_h1p60_co_bound_tilt30_az60,HBa16Co16O48,81,-530.0179443359375,-532.3529052734375,0.642822265625,-6.5722580897955245,0.6829702258110046,16,False,stage1,vacancy_center,,co_bound_tilt30_az60,
90,vacancy_center__OH,OH_offset_y+_h1p60_co_bound_tilt30_az300,HBa16Co16O48,81,-530.0179443359375,-532.3529052734375,0.642822265625,-6.5722580897955245,0.6829691529273987,16,False,stage1,vacancy_center,,co_bound_tilt30_az300,
81,vacancy_center__OH,OH_offset_y+_h1p60_co_bound_tilt30_az30,HBa16Co16O48,81,-530.0720825195312,-532.3114013671875,0.684326171875,-6.571745695891203,0.6411609649658203,16,False,stage1,vacancy_center,,co_bound_tilt30_az30,
91,vacancy_center__OH,OH_offset_y+_h1p60_co_bound_tilt30_az330,HBa16Co16O48,81,-530.0720825195312,-532.3114013671875,0.684326171875,-6.571745695891203,0.6411587595939636,16,False,stage1,vacancy_center,,co_bound_tilt30_az330,
75,vacancy_center__OH,OH_offset_x+_h1p60_co_bound_tilt30_az240,HBa16Co16O48,81,-530.162109375,-532.2798461914062,0.71588134765625,-6.57135612581983,0.9644076824188232,16,False,stage1,vacancy_center,,co_bound_tilt30_az240,
77,vacancy_center__OH,OH_offset_x+_h1p60_co_bound_tilt30_az300,HBa16Co16O48,81,-530.162109375,-532.2798461914062,0.71588134765625,-6.57135612581983,0.9644067883491516,16,False,stage1,vacancy_center,,co_bound_tilt30_az300,
76,vacancy_center__OH,OH_offset_x+_h1p60_co_bound_tilt30_az270,HBa16Co16O48,81,-530.09814453125,-532.2600708007812,0.73565673828125,-6.57111198519483,0.96077960729599,16,False,stage1,vacancy_center,,co_bound_tilt30_az270,
80,vacancy_center__OH,OH_offset_y+_h1p60_co_bound_tilt30_az0,HBa16Co16O48,81,-530.0911865234375,-532.2383422851562,0.75738525390625,-6.5708437319155095,0.6543925404548645,16,False,stage1,vacancy_center,,co_bound_tilt30_az0,
57,vacancy_center__OH,OH_center_h1p70_co_bound_tilt30_az90,HBa16Co16O48,81,-529.938720703125,-532.2175903320312,0.77813720703125,-6.570587534963349,0.7676662802696228,16,False,stage1,vacancy_center,,co_bound_tilt30_az90,
63,vacancy_center__OH,OH_center_h1p70_co_bound_tilt30_az270,HBa16Co16O48,81,-529.938720703125,-532.2175903320312,0.77813720703125,-6.570587534963349,0.7676165103912354,16,False,stage1,vacancy_center,,co_bound_tilt30_az270,
56,vacancy_center__OH,OH_center_h1p70_co_bound_tilt30_az60,HBa16Co16O48,81,-529.975341796875,-532.1981811523438,0.79754638671875,-6.570347915461034,0.744038999080658,16,False,stage1,vacancy_center,,co_bound_tilt30_az60,
58,vacancy_center__OH,OH_center_h1p70_co_bound_tilt30_az120,HBa16Co16O48,81,-529.975341796875,-532.1981811523438,0.79754638671875,-6.570347915461034,0.744040310382843,16,False,stage1,vacancy_center,,co_bound_tilt30_az120,
62,vacancy_center__OH,OH_center_h1p70_co_bound_tilt30_az240,HBa16Co16O48,81,-529.975341796875,-532.1981811523438,0.79754638671875,-6.570347915461034,0.7440983653068542,16,False,stage1,vacancy_center,,co_bound_tilt30_az240,
64,vacancy_center__OH,OH_center_h1p70_co_bound_tilt30_az300,HBa16Co16O48,81,-529.975341796875,-532.1981811523438,0.79754638671875,-6.570347915461034,0.7440995573997498,16,False,stage1,vacancy_center,,co_bound_tilt30_az300,
79,vacancy_center__OH,OH_offset_y+_h1p60_co_bound_tilt0_az0,HBa16Co16O48,81,-529.9918212890625,-532.1199951171875,0.875732421875,-6.569382655767747,0.6974324584007263,16,False,stage1,vacancy_center,,co_bound_tilt0_az0,
54,vacancy_center__OH,OH_center_h1p70_co_bound_tilt30_az0,HBa16Co16O48,81,-530.046630859375,-532.063232421875,0.9324951171875,-6.5686818817515435,0.7233302593231201,16,False,stage1,vacancy_center,,co_bound_tilt30_az0,
60,vacancy_center__OH,OH_center_h1p70_co_bound_tilt30_az180,HBa16Co16O48,81,-530.046630859375,-532.063232421875,0.9324951171875,-6.5686818817515435,0.7233301997184753,16,False,stage1,vacancy_center,,co_bound_tilt30_az180,
53,vacancy_center__OH,OH_center_h1p70_co_bound_tilt0_az0,HBa16Co16O48,81,-529.9654541015625,-531.9468383789062,1.04888916015625,-6.567244918258102,0.726608395576477,16,False,stage1,vacancy_center,,co_bound_tilt0_az0,
266,vacancy_co_top_13__H2O2,H2O2_cotop13_h1p90_default_tilt30_az120,H2Ba16Co16O49,83,-537.6852416992188,-541.311767578125,0.0,-6.521828525037651,0.9967370629310608,16,False,stage1,vacancy_co_top_13,,default_tilt30_az120,
270,vacancy_co_top_13__H2O2,H2O2_cotop13_h1p90_default_tilt30_az240,H2Ba16Co16O49,83,-537.5730590820312,-541.310791015625,0.0009765625,-6.521816759224397,1.0967942476272583,16,False,stage1,vacancy_co_top_13,,default_tilt30_az240,
267,vacancy_co_top_13__H2O2,H2O2_cotop13_h1p90_default_tilt30_az150,H2Ba16Co16O49,83,-538.1268310546875,-541.2808837890625,0.0308837890625,-6.521456431193524,0.800626814365387,16,False,stage1,vacancy_co_top_13,,default_tilt30_az150,
268,vacancy_co_top_13__H2O2,H2O2_cotop13_h1p90_default_tilt30_az180,H2Ba16Co16O49,83,-538.2964477539062,-541.2609252929688,0.05084228515625,-6.5212159673851655,0.7340469360351562,16,False,stage1,vacancy_co_top_13,,default_tilt30_az180,
269,vacancy_co_top_13__H2O2,H2O2_cotop13_h1p90_default_tilt30_az210,H2Ba16Co16O49,83,-537.992431640625,-541.2592163085938,0.05255126953125,-6.521195377211973,1.0472710132598877,16,False,stage1,vacancy_co_top_13,,default_tilt30_az210,
265,vacancy_co_top_13__H2O2,H2O2_cotop13_h1p90_default_tilt30_az90,H2Ba16Co16O49,83,-537.323486328125,-541.1680297851562,0.14373779296875,-6.520096744399473,0.9754041433334351,16,False,stage1,vacancy_co_top_13,,default_tilt30_az90,
278,vacancy_co_top_13__H2O2,H2O2_cotop13_h2p10_default_tilt30_az90,H2Ba16Co16O49,83,-537.4392700195312,-541.0284423828125,0.2833251953125,-6.518414968467621,1.0470349788665771,16,False,stage1,vacancy_co_top_13,,default_tilt30_az90,
282,vacancy_co_top_13__H2O2,H2O2_cotop13_h2p10_default_tilt30_az210,H2Ba16Co16O49,83,-537.9149780273438,-541.0224609375,0.289306640625,-6.518342902861446,1.22825026512146,16,False,stage1,vacancy_co_top_13,,default_tilt30_az210,
279,vacancy_co_top_13__H2O2,H2O2_cotop13_h2p10_default_tilt30_az120,H2Ba16Co16O49,83,-537.7045288085938,-541.0157470703125,0.2960205078125,-6.518262012895331,1.0644525289535522,16,False,stage1,vacancy_co_top_13,,default_tilt30_az120,
271,vacancy_co_top_13__H2O2,H2O2_cotop13_h1p90_default_tilt30_az270,H2Ba16Co16O49,83,-537.2861328125,-540.97900390625,0.332763671875,-6.517819324171687,0.7561305165290833,16,False,stage1,vacancy_co_top_13,,default_tilt30_az270,
283,vacancy_co_top_13__H2O2,H2O2_cotop13_h2p10_default_tilt30_az240,H2Ba16Co16O49,83,-537.6218872070312,-540.91796875,0.393798828125,-6.517083960843373,0.8751415014266968,16,False,stage1,vacancy_co_top_13,,default_tilt30_az240,
284,vacancy_co_top_13__H2O2,H2O2_cotop13_h2p10_default_tilt30_az270,H2Ba16Co16O49,83,-537.4068603515625,-540.906982421875,0.40478515625,-6.516951595444277,0.867041289806366,16,False,stage1,vacancy_co_top_13,,default_tilt30_az270,
280,vacancy_co_top_13__H2O2,H2O2_cotop13_h2p10_default_tilt30_az150,H2Ba16Co16O49,83,-538.0169677734375,-540.8413696289062,0.47039794921875,-6.5161610798663405,0.8277175426483154,16,False,stage1,vacancy_co_top_13,,default_tilt30_az150,
272,vacancy_co_top_13__H2O2,H2O2_cotop13_h1p90_default_tilt30_az300,H2Ba16Co16O49,83,-537.195068359375,-540.8295288085938,0.48223876953125,-6.516018419380647,0.7025449275970459,16,False,stage1,vacancy_co_top_13,,default_tilt30_az300,
281,vacancy_co_top_13__H2O2,H2O2_cotop13_h2p10_default_tilt30_az180,H2Ba16Co16O49,83,-538.167236328125,-540.826904296875,0.48486328125,-6.51598679875753,0.8349418044090271,16,False,stage1,vacancy_co_top_13,,default_tilt30_az180,
264,vacancy_co_top_13__H2O2,H2O2_cotop13_h1p90_default_tilt30_az60,H2Ba16Co16O49,83,-537.1600952148438,-540.3294067382812,0.98236083984375,-6.509992852268449,1.8782414197921753,16,False,stage1,vacancy_co_top_13,,default_tilt30_az60,
277,vacancy_co_top_13__H2O2,H2O2_cotop13_h2p10_default_tilt30_az60,H2Ba16Co16O49,83,-537.3062133789062,-540.3114013671875,1.0003662109375,-6.509775920086597,1.0917683839797974,16,False,stage1,vacancy_co_top_13,,default_tilt30_az60,
263,vacancy_co_top_13__H2O2,H2O2_cotop13_h1p90_default_tilt30_az30,H2Ba16Co16O49,83,-537.1438598632812,-540.2839965820312,1.02777099609375,-6.509445741952184,1.504839301109314,16,False,stage1,vacancy_co_top_13,,default_tilt30_az30,
285,vacancy_co_top_13__H2O2,H2O2_cotop13_h2p10_default_tilt30_az300,H2Ba16Co16O49,83,-537.3421020507812,-540.2813110351562,1.03045654296875,-6.509413385965738,1.2060292959213257,16,False,stage1,vacancy_co_top_13,,default_tilt30_az300,
273,vacancy_co_top_13__H2O2,H2O2_cotop13_h1p90_default_tilt30_az330,H2Ba16Co16O49,83,-537.2320556640625,-540.2460327148438,1.06573486328125,-6.508988345961973,1.355207085609436,16,False,stage1,vacancy_co_top_13,,default_tilt30_az330,
261,vacancy_co_top_13__H2O2,H2O2_cotop13_h1p90_default_tilt0_az0,H2Ba16Co16O49,83,-537.20947265625,-540.2092895507812,1.10247802734375,-6.5085456572383285,1.3002538681030273,16,False,stage1,vacancy_co_top_13,,default_tilt0_az0,
274,vacancy_co_top_13__H2O2,H2O2_cotop13_h2p10_default_tilt0_az0,H2Ba16Co16O49,83,-537.3760986328125,-540.2015380859375,1.1102294921875,-6.508452266095633,1.1184159517288208,16,False,stage1,vacancy_co_top_13,,default_tilt0_az0,
276,vacancy_co_top_13__H2O2,H2O2_cotop13_h2p10_default_tilt30_az30,H2Ba16Co16O49,83,-537.299072265625,-540.1948852539062,1.11688232421875,-6.508372111492847,1.2168868780136108,16,False,stage1,vacancy_co_top_13,,default_tilt30_az30,
286,vacancy_co_top_13__H2O2,H2O2_cotop13_h2p10_default_tilt30_az330,H2Ba16Co16O49,83,-537.3568115234375,-540.1909790039062,1.12078857421875,-6.5083250482398345,1.1568982601165771,16,False,stage1,vacancy_co_top_13,,default_tilt30_az330,
275,vacancy_co_top_13__H2O2,H2O2_cotop13_h2p10_default_tilt30_az0,H2Ba16Co16O49,83,-537.3602905273438,-540.188232421875,1.12353515625,-6.50829195689006,1.16497004032135,16,False,stage1,vacancy_co_top_13,,default_tilt30_az0,
262,vacancy_co_top_13__H2O2,H2O2_cotop13_h1p90_default_tilt30_az0,H2Ba16Co16O49,83,-537.2283935546875,-540.185791015625,1.1259765625,-6.508262542356928,1.1336082220077515,16,False,stage1,vacancy_co_top_13,,default_tilt30_az0,
239,vacancy_co_top_13__OH,OH_cotop13_h1p70_co_bound_tilt30_az90,HBa16Co16O48,81,-530.1905517578125,-532.6417846679688,0.0,-6.575824502073688,0.8081600666046143,16,False,stage1,vacancy_co_top_13,,co_bound_tilt30_az90,
237,vacancy_co_top_13__OH,OH_cotop13_h1p70_co_bound_tilt30_az30,HBa16Co16O48,81,-530.1885986328125,-532.6392211914062,0.0025634765625,-6.575792854214892,0.8357800245285034,16,False,stage1,vacancy_co_top_13,,co_bound_tilt30_az30,
241,vacancy_co_top_13__OH,OH_cotop13_h1p70_co_bound_tilt30_az150,HBa16Co16O48,81,-530.1885986328125,-532.6392211914062,0.0025634765625,-6.575792854214892,0.8357787728309631,16,False,stage1,vacancy_co_top_13,,co_bound_tilt30_az150,
238,vacancy_co_top_13__OH,OH_cotop13_h1p70_co_bound_tilt30_az60,HBa16Co16O48,81,-530.1859741210938,-532.63916015625,0.00262451171875,-6.575792100694445,0.8389397859573364,16,False,stage1,vacancy_co_top_13,,co_bound_tilt30_az60,
240,vacancy_co_top_13__OH,OH_cotop13_h1p70_co_bound_tilt30_az120,HBa16Co16O48,81,-530.1859741210938,-532.63916015625,0.00262451171875,-6.575792100694445,0.8389386534690857,16,False,stage1,vacancy_co_top_13,,co_bound_tilt30_az120,
236,vacancy_co_top_13__OH,OH_cotop13_h1p70_co_bound_tilt30_az0,HBa16Co16O48,81,-530.1969604492188,-532.6170654296875,0.02471923828125,-6.575519326292438,0.8107545971870422,16,False,stage1,vacancy_co_top_13,,co_bound_tilt30_az0,
242,vacancy_co_top_13__OH,OH_cotop13_h1p70_co_bound_tilt30_az180,HBa16Co16O48,81,-530.1969604492188,-532.6170654296875,0.02471923828125,-6.575519326292438,0.8107547163963318,16,False,stage1,vacancy_co_top_13,,co_bound_tilt30_az180,
243,vacancy_co_top_13__OH,OH_cotop13_h1p70_co_bound_tilt30_az210,HBa16Co16O48,81,-530.1865234375,-532.5739135742188,0.06787109375,-6.574986587336034,0.8047399520874023,16,False,stage1,vacancy_co_top_13,,co_bound_tilt30_az210,
247,vacancy_co_top_13__OH,OH_cotop13_h1p70_co_bound_tilt30_az330,HBa16Co16O48,81,-530.1865234375,-532.5739135742188,0.06787109375,-6.574986587336034,0.8047448396682739,16,False,stage1,vacancy_co_top_13,,co_bound_tilt30_az330,
244,vacancy_co_top_13__OH,OH_cotop13_h1p70_co_bound_tilt30_az240,HBa16Co16O48,81,-530.1791381835938,-532.4957275390625,0.14605712890625,-6.574021327642747,0.8170105814933777,16,False,stage1,vacancy_co_top_13,,co_bound_tilt30_az240,
246,vacancy_co_top_13__OH,OH_cotop13_h1p70_co_bound_tilt30_az300,HBa16Co16O48,81,-530.1791381835938,-532.4957275390625,0.14605712890625,-6.574021327642747,0.8170138001441956,16,False,stage1,vacancy_co_top_13,,co_bound_tilt30_az300,
235,vacancy_co_top_13__OH,OH_cotop13_h1p70_co_bound_tilt0_az0,HBa16Co16O48,81,-529.971923828125,-532.4788818359375,0.16290283203125,-6.573813355999229,0.8189328908920288,16,False,stage1,vacancy_co_top_13,,co_bound_tilt0_az0,
245,vacancy_co_top_13__OH,OH_cotop13_h1p70_co_bound_tilt30_az270,HBa16Co16O48,81,-530.1818237304688,-532.4788208007812,0.1629638671875,-6.573812602478781,0.8106928467750549,16,False,stage1,vacancy_co_top_13,,co_bound_tilt30_az270,
252,vacancy_co_top_13__OH,OH_cotop13_h1p90_co_bound_tilt30_az90,HBa16Co16O48,81,-530.08837890625,-532.3761596679688,0.265625,-6.572545181086034,0.8291787505149841,16,False,stage1,vacancy_co_top_13,,co_bound_tilt30_az90,
251,vacancy_co_top_13__OH,OH_cotop13_h1p90_co_bound_tilt30_az60,HBa16Co16O48,81,-530.0875244140625,-532.3749389648438,0.266845703125,-6.572530110677083,0.871877908706665,16,False,stage1,vacancy_co_top_13,,co_bound_tilt30_az60,
253,vacancy_co_top_13__OH,OH_cotop13_h1p90_co_bound_tilt30_az120,HBa16Co16O48,81,-530.0875244140625,-532.3749389648438,0.266845703125,-6.572530110677083,0.8718763589859009,16,False,stage1,vacancy_co_top_13,,co_bound_tilt30_az120,
250,vacancy_co_top_13__OH,OH_cotop13_h1p90_co_bound_tilt30_az30,HBa16Co16O48,81,-530.0938110351562,-532.3639526367188,0.27783203125,-6.572394476996528,0.9162797927856445,16,False,stage1,vacancy_co_top_13,,co_bound_tilt30_az30,
254,vacancy_co_top_13__OH,OH_cotop13_h1p90_co_bound_tilt30_az150,HBa16Co16O48,81,-530.0938110351562,-532.3639526367188,0.27783203125,-6.572394476996528,0.9162836074829102,16,False,stage1,vacancy_co_top_13,,co_bound_tilt30_az150,
249,vacancy_co_top_13__OH,OH_cotop13_h1p90_co_bound_tilt30_az0,HBa16Co16O48,81,-530.1030883789062,-532.3519287109375,0.28985595703125,-6.572246033468364,0.9442034959793091,16,False,stage1,vacancy_co_top_13,,co_bound_tilt30_az0,
255,vacancy_co_top_13__OH,OH_cotop13_h1p90_co_bound_tilt30_az180,HBa16Co16O48,81,-530.1030883789062,-532.3519287109375,0.28985595703125,-6.572246033468364,0.9442028999328613,16,False,stage1,vacancy_co_top_13,,co_bound_tilt30_az180,
256,vacancy_co_top_13__OH,OH_cotop13_h1p90_co_bound_tilt30_az210,HBa16Co16O48,81,-530.0969848632812,-532.3124389648438,0.329345703125,-6.571758505738812,0.9571527242660522,16,False,stage1,vacancy_co_top_13,,co_bound_tilt30_az210,
260,vacancy_co_top_13__OH,OH_cotop13_h1p90_co_bound_tilt30_az330,HBa16Co16O48,81,-530.0969848632812,-532.3124389648438,0.329345703125,-6.571758505738812,0.9571544528007507,16,False,stage1,vacancy_co_top_13,,co_bound_tilt30_az330,
257,vacancy_co_top_13__OH,OH_cotop13_h1p90_co_bound_tilt30_az240,HBa16Co16O48,81,-530.0941162109375,-532.2748413085938,0.366943359375,-6.571294337143133,0.9426161050796509,16,False,stage1,vacancy_co_top_13,,co_bound_tilt30_az240,
259,vacancy_co_top_13__OH,OH_cotop13_h1p90_co_bound_tilt30_az300,HBa16Co16O48,81,-530.0941162109375,-532.2748413085938,0.366943359375,-6.571294337143133,0.9426215291023254,16,False,stage1,vacancy_co_top_13,,co_bound_tilt30_az300,
258,vacancy_co_top_13__OH,OH_cotop13_h1p90_co_bound_tilt30_az270,HBa16Co16O48,81,-530.0968017578125,-532.2549438476562,0.3868408203125,-6.571048689477237,0.9057431817054749,16,False,stage1,vacancy_co_top_13,,co_bound_tilt30_az270,
248,vacancy_co_top_13__OH,OH_cotop13_h1p90_co_bound_tilt0_az0,HBa16Co16O48,81,-529.893310546875,-532.2018432617188,0.43994140625,-6.570393126687886,0.8781418204307556,16,False,stage1,vacancy_co_top_13,,co_bound_tilt0_az0,
209,vacancy_co_top_3__H2O2,H2O2_cotop3_h1p90_default_tilt0_az0,H2Ba16Co16O49,83,-538.3397827148438,-542.549072265625,0.0,-6.536735810429217,1.6812189817428589,16,False,stage1,vacancy_co_top_3,,default_tilt0_az0,
220,vacancy_co_top_3__H2O2,H2O2_cotop3_h1p90_default_tilt30_az300,H2Ba16Co16O49,83,-537.6852416992188,-541.3117065429688,1.23736572265625,-6.521827789674322,0.9967364072799683,16,False,stage1,vacancy_co_top_3,,default_tilt30_az300,
212,vacancy_co_top_3__H2O2,H2O2_cotop3_h1p90_default_tilt30_az60,H2Ba16Co16O49,83,-537.5730590820312,-541.310791015625,1.23828125,-6.521816759224397,1.0967888832092285,16,False,stage1,vacancy_co_top_3,,default_tilt30_az60,
221,vacancy_co_top_3__H2O2,H2O2_cotop3_h1p90_default_tilt30_az330,H2Ba16Co16O49,83,-538.1268310546875,-541.2808837890625,1.2681884765625,-6.521456431193524,0.8006235957145691,16,False,stage1,vacancy_co_top_3,,default_tilt30_az330,
210,vacancy_co_top_3__H2O2,H2O2_cotop3_h1p90_default_tilt30_az0,H2Ba16Co16O49,83,-538.2964477539062,-541.2609252929688,1.28814697265625,-6.5212159673851655,0.7340493202209473,16,False,stage1,vacancy_co_top_3,,default_tilt30_az0,
211,vacancy_co_top_3__H2O2,H2O2_cotop3_h1p90_default_tilt30_az30,H2Ba16Co16O49,83,-537.992431640625,-541.2592163085938,1.28985595703125,-6.521195377211973,1.04726243019104,16,False,stage1,vacancy_co_top_3,,default_tilt30_az30,
219,vacancy_co_top_3__H2O2,H2O2_cotop3_h1p90_default_tilt30_az270,H2Ba16Co16O49,83,-537.323486328125,-541.1680297851562,1.38104248046875,-6.520096744399473,0.9754059910774231,16,False,stage1,vacancy_co_top_3,,default_tilt30_az270,
232,vacancy_co_top_3__H2O2,H2O2_cotop3_h2p10_default_tilt30_az270,H2Ba16Co16O49,83,-537.4392700195312,-541.0284423828125,1.5206298828125,-6.518414968467621,1.047042965888977,16,False,stage1,vacancy_co_top_3,,default_tilt30_az270,
224,vacancy_co_top_3__H2O2,H2O2_cotop3_h2p10_default_tilt30_az30,H2Ba16Co16O49,83,-537.9149780273438,-541.0224609375,1.526611328125,-6.518342902861446,1.2282594442367554,16,False,stage1,vacancy_co_top_3,,default_tilt30_az30,
233,vacancy_co_top_3__H2O2,H2O2_cotop3_h2p10_default_tilt30_az300,H2Ba16Co16O49,83,-537.70458984375,-541.0157470703125,1.5333251953125,-6.518262012895331,1.0644420385360718,16,False,stage1,vacancy_co_top_3,,default_tilt30_az300,
213,vacancy_co_top_3__H2O2,H2O2_cotop3_h1p90_default_tilt30_az90,H2Ba16Co16O49,83,-537.2861328125,-540.97900390625,1.570068359375,-6.517819324171687,0.7561296224594116,16,False,stage1,vacancy_co_top_3,,default_tilt30_az90,
225,vacancy_co_top_3__H2O2,H2O2_cotop3_h2p10_default_tilt30_az60,H2Ba16Co16O49,83,-537.6218872070312,-540.91796875,1.631103515625,-6.517083960843373,0.8751401901245117,16,False,stage1,vacancy_co_top_3,,default_tilt30_az60,
226,vacancy_co_top_3__H2O2,H2O2_cotop3_h2p10_default_tilt30_az90,H2Ba16Co16O49,83,-537.4068603515625,-540.906982421875,1.64208984375,-6.516951595444277,0.8670428395271301,16,False,stage1,vacancy_co_top_3,,default_tilt30_az90,
222,vacancy_co_top_3__H2O2,H2O2_cotop3_h2p10_default_tilt0_az0,H2Ba16Co16O49,83,-538.2183227539062,-540.89404296875,1.655029296875,-6.516795698418675,0.8020247220993042,16,False,stage1,vacancy_co_top_3,,default_tilt0_az0,
234,vacancy_co_top_3__H2O2,H2O2_cotop3_h2p10_default_tilt30_az330,H2Ba16Co16O49,83,-538.0169677734375,-540.8413696289062,1.70770263671875,-6.5161610798663405,0.8277068138122559,16,False,stage1,vacancy_co_top_3,,default_tilt30_az330,
214,vacancy_co_top_3__H2O2,H2O2_cotop3_h1p90_default_tilt30_az120,H2Ba16Co16O49,83,-537.195068359375,-540.8295288085938,1.71954345703125,-6.516018419380647,0.7025392055511475,16,False,stage1,vacancy_co_top_3,,default_tilt30_az120,
223,vacancy_co_top_3__H2O2,H2O2_cotop3_h2p10_default_tilt30_az0,H2Ba16Co16O49,83,-538.167236328125,-540.826904296875,1.72216796875,-6.51598679875753,0.8349422812461853,16,False,stage1,vacancy_co_top_3,,default_tilt30_az0,
218,vacancy_co_top_3__H2O2,H2O2_cotop3_h1p90_default_tilt30_az240,H2Ba16Co16O49,83,-537.1600952148438,-540.3294067382812,2.21966552734375,-6.509992852268449,1.8782485723495483,16,False,stage1,vacancy_co_top_3,,default_tilt30_az240,
231,vacancy_co_top_3__H2O2,H2O2_cotop3_h2p10_default_tilt30_az240,H2Ba16Co16O49,83,-537.3062133789062,-540.3114013671875,2.2376708984375,-6.509775920086597,1.091772437095642,16,False,stage1,vacancy_co_top_3,,default_tilt30_az240,
217,vacancy_co_top_3__H2O2,H2O2_cotop3_h1p90_default_tilt30_az210,H2Ba16Co16O49,83,-537.1438598632812,-540.2839965820312,2.26507568359375,-6.509445741952184,1.504839301109314,16,False,stage1,vacancy_co_top_3,,default_tilt30_az210,
227,vacancy_co_top_3__H2O2,H2O2_cotop3_h2p10_default_tilt30_az120,H2Ba16Co16O49,83,-537.3421020507812,-540.2813110351562,2.26776123046875,-6.509413385965738,1.2060521841049194,16,False,stage1,vacancy_co_top_3,,default_tilt30_az120,
215,vacancy_co_top_3__H2O2,H2O2_cotop3_h1p90_default_tilt30_az150,H2Ba16Co16O49,83,-537.2320556640625,-540.2460327148438,2.30303955078125,-6.508988345961973,1.3551973104476929,16,False,stage1,vacancy_co_top_3,,default_tilt30_az150,
230,vacancy_co_top_3__H2O2,H2O2_cotop3_h2p10_default_tilt30_az210,H2Ba16Co16O49,83,-537.299072265625,-540.1948852539062,2.35418701171875,-6.508372111492847,1.2168951034545898,16,False,stage1,vacancy_co_top_3,,default_tilt30_az210,
228,vacancy_co_top_3__H2O2,H2O2_cotop3_h2p10_default_tilt30_az150,H2Ba16Co16O49,83,-537.3568115234375,-540.1909790039062,2.35809326171875,-6.5083250482398345,1.1569030284881592,16,False,stage1,vacancy_co_top_3,,default_tilt30_az150,
229,vacancy_co_top_3__H2O2,H2O2_cotop3_h2p10_default_tilt30_az180,H2Ba16Co16O49,83,-537.3602905273438,-540.188232421875,2.36083984375,-6.50829195689006,1.1649724245071411,16,False,stage1,vacancy_co_top_3,,default_tilt30_az180,
216,vacancy_co_top_3__H2O2,H2O2_cotop3_h1p90_default_tilt30_az180,H2Ba16Co16O49,83,-537.2283935546875,-540.185791015625,2.36328125,-6.508262542356928,1.1336076259613037,16,False,stage1,vacancy_co_top_3,,default_tilt30_az180,
193,vacancy_co_top_3__OH,OH_cotop3_h1p70_co_bound_tilt30_az270,HBa16Co16O48,81,-530.1905517578125,-532.6417846679688,0.0,-6.575824502073688,0.808157742023468,16,False,stage1,vacancy_co_top_3,,co_bound_tilt30_az270,
195,vacancy_co_top_3__OH,OH_cotop3_h1p70_co_bound_tilt30_az330,HBa16Co16O48,81,-530.1885986328125,-532.6392822265625,0.00250244140625,-6.575793607735339,0.8357815146446228,16,False,stage1,vacancy_co_top_3,,co_bound_tilt30_az330,
191,vacancy_co_top_3__OH,OH_cotop3_h1p70_co_bound_tilt30_az210,HBa16Co16O48,81,-530.1885986328125,-532.6392211914062,0.0025634765625,-6.575792854214892,0.8357779383659363,16,False,stage1,vacancy_co_top_3,,co_bound_tilt30_az210,
192,vacancy_co_top_3__OH,OH_cotop3_h1p70_co_bound_tilt30_az240,HBa16Co16O48,81,-530.1859741210938,-532.63916015625,0.00262451171875,-6.575792100694445,0.8389406800270081,16,False,stage1,vacancy_co_top_3,,co_bound_tilt30_az240,
194,vacancy_co_top_3__OH,OH_cotop3_h1p70_co_bound_tilt30_az300,HBa16Co16O48,81,-530.1859741210938,-532.63916015625,0.00262451171875,-6.575792100694445,0.8389400243759155,16,False,stage1,vacancy_co_top_3,,co_bound_tilt30_az300,
184,vacancy_co_top_3__OH,OH_cotop3_h1p70_co_bound_tilt30_az0,HBa16Co16O48,81,-530.1969604492188,-532.6170654296875,0.02471923828125,-6.575519326292438,0.8107561469078064,16,False,stage1,vacancy_co_top_3,,co_bound_tilt30_az0,
190,vacancy_co_top_3__OH,OH_cotop3_h1p70_co_bound_tilt30_az180,HBa16Co16O48,81,-530.1969604492188,-532.6170654296875,0.02471923828125,-6.575519326292438,0.8107516169548035,16,False,stage1,vacancy_co_top_3,,co_bound_tilt30_az180,
185,vacancy_co_top_3__OH,OH_cotop3_h1p70_co_bound_tilt30_az30,HBa16Co16O48,81,-530.1865234375,-532.5739135742188,0.06787109375,-6.574986587336034,0.8047373294830322,16,False,stage1,vacancy_co_top_3,,co_bound_tilt30_az30,
189,vacancy_co_top_3__OH,OH_cotop3_h1p70_co_bound_tilt30_az150,HBa16Co16O48,81,-530.1865234375,-532.5739135742188,0.06787109375,-6.574986587336034,0.8047439455986023,16,False,stage1,vacancy_co_top_3,,co_bound_tilt30_az150,
186,vacancy_co_top_3__OH,OH_cotop3_h1p70_co_bound_tilt30_az60,HBa16Co16O48,81,-530.1791381835938,-532.4957275390625,0.14605712890625,-6.574021327642747,0.8170082569122314,16,False,stage1,vacancy_co_top_3,,co_bound_tilt30_az60,
188,vacancy_co_top_3__OH,OH_cotop3_h1p70_co_bound_tilt30_az120,HBa16Co16O48,81,-530.1791381835938,-532.4957275390625,0.14605712890625,-6.574021327642747,0.8170074820518494,16,False,stage1,vacancy_co_top_3,,co_bound_tilt30_az120,
183,vacancy_co_top_3__OH,OH_cotop3_h1p70_co_bound_tilt0_az0,HBa16Co16O48,81,-529.971923828125,-532.4788818359375,0.16290283203125,-6.573813355999229,0.8189326524734497,16,False,stage1,vacancy_co_top_3,,co_bound_tilt0_az0,
187,vacancy_co_top_3__OH,OH_cotop3_h1p70_co_bound_tilt30_az90,HBa16Co16O48,81,-530.1818237304688,-532.4788208007812,0.1629638671875,-6.573812602478781,0.8106914162635803,16,False,stage1,vacancy_co_top_3,,co_bound_tilt30_az90,
206,vacancy_co_top_3__OH,OH_cotop3_h1p90_co_bound_tilt30_az270,HBa16Co16O48,81,-530.08837890625,-532.3761596679688,0.265625,-6.572545181086034,0.8291801810264587,16,False,stage1,vacancy_co_top_3,,co_bound_tilt30_az270,
205,vacancy_co_top_3__OH,OH_cotop3_h1p90_co_bound_tilt30_az240,HBa16Co16O48,81,-530.0875244140625,-532.3749389648438,0.266845703125,-6.572530110677083,0.8718749284744263,16,False,stage1,vacancy_co_top_3,,co_bound_tilt30_az240,
207,vacancy_co_top_3__OH,OH_cotop3_h1p90_co_bound_tilt30_az300,HBa16Co16O48,81,-530.0875244140625,-532.3749389648438,0.266845703125,-6.572530110677083,0.8718746900558472,16,False,stage1,vacancy_co_top_3,,co_bound_tilt30_az300,
208,vacancy_co_top_3__OH,OH_cotop3_h1p90_co_bound_tilt30_az330,HBa16Co16O48,81,-530.0938110351562,-532.364013671875,0.27777099609375,-6.5723952305169755,0.9162819385528564,16,False,stage1,vacancy_co_top_3,,co_bound_tilt30_az330,
204,vacancy_co_top_3__OH,OH_cotop3_h1p90_co_bound_tilt30_az210,HBa16Co16O48,81,-530.0938110351562,-532.3639526367188,0.27783203125,-6.572394476996528,0.9162811636924744,16,False,stage1,vacancy_co_top_3,,co_bound_tilt30_az210,
197,vacancy_co_top_3__OH,OH_cotop3_h1p90_co_bound_tilt30_az0,HBa16Co16O48,81,-530.1030883789062,-532.3519287109375,0.28985595703125,-6.572246033468364,0.9442021250724792,16,False,stage1,vacancy_co_top_3,,co_bound_tilt30_az0,
203,vacancy_co_top_3__OH,OH_cotop3_h1p90_co_bound_tilt30_az180,HBa16Co16O48,81,-530.1030883789062,-532.3519287109375,0.28985595703125,-6.572246033468364,0.9442026615142822,16,False,stage1,vacancy_co_top_3,,co_bound_tilt30_az180,
198,vacancy_co_top_3__OH,OH_cotop3_h1p90_co_bound_tilt30_az30,HBa16Co16O48,81,-530.0969848632812,-532.3124389648438,0.329345703125,-6.571758505738812,0.9571542739868164,16,False,stage1,vacancy_co_top_3,,co_bound_tilt30_az30,
202,vacancy_co_top_3__OH,OH_cotop3_h1p90_co_bound_tilt30_az150,HBa16Co16O48,81,-530.0969848632812,-532.3124389648438,0.329345703125,-6.571758505738812,0.957150936126709,16,False,stage1,vacancy_co_top_3,,co_bound_tilt30_az150,
199,vacancy_co_top_3__OH,OH_cotop3_h1p90_co_bound_tilt30_az60,HBa16Co16O48,81,-530.0941162109375,-532.2748413085938,0.366943359375,-6.571294337143133,0.9426167011260986,16,False,stage1,vacancy_co_top_3,,co_bound_tilt30_az60,
201,vacancy_co_top_3__OH,OH_cotop3_h1p90_co_bound_tilt30_az120,HBa16Co16O48,81,-530.0941162109375,-532.2748413085938,0.366943359375,-6.571294337143133,0.9426169991493225,16,False,stage1,vacancy_co_top_3,,co_bound_tilt30_az120,
200,vacancy_co_top_3__OH,OH_cotop3_h1p90_co_bound_tilt30_az90,HBa16Co16O48,81,-530.0968017578125,-532.2549438476562,0.3868408203125,-6.571048689477237,0.9057413339614868,16,False,stage1,vacancy_co_top_3,,co_bound_tilt30_az90,
196,vacancy_co_top_3__OH,OH_cotop3_h1p90_co_bound_tilt0_az0,HBa16Co16O48,81,-529.893310546875,-532.2018432617188,0.43994140625,-6.570393126687886,0.8781391978263855,16,False,stage1,vacancy_co_top_3,,co_bound_tilt0_az0,
